{"cameraMode":{"drawMode":0,"name":"Shaded","section":"Shading Mode"},"sceneLighting":true,"audioPlay":false,"sceneViewState":{"showFog":false,"showMaterialUpdate":false,"showSkybox":false,"showFlares":false,"showImageEffects":false,"showParticleSystems":false},"in2DMode":false,"pivot":{"x":0.09010529518127442,"y":1.0,"z":-48.400001525878909},"rotation":{"x":-0.058267202228307727,"y":0.5754884481430054,"z":-0.041158027946949008,"w":-0.8146925568580627},"size":2.8578836917877199,"orthographic":true}