{"cameraMode":{"drawMode":0,"name":"Shaded","section":"Shading Mode"},"sceneLighting":false,"audioPlay":false,"sceneViewState":{"showFog":false,"showMaterialUpdate":false,"showSkybox":false,"showFlares":false,"showImageEffects":false,"showParticleSystems":false},"in2DMode":false,"pivot":{"x":-0.28299999237060549,"y":1.559999942779541,"z":-4.908017158508301},"rotation":{"x":-0.058267202228307727,"y":0.5754884481430054,"z":-0.041158027946949008,"w":-0.8146925568580627},"size":6.609405517578125,"orthographic":true}